,finalBalance,totalTrades,drawDown,startingBalance,configs,parametres
8,68.98340329293217,625,21.88,63.0,"['DEFAULT', 'params', 'CONFIGS', 'STRATEGIE', 'FICHIER.HISTORIQUE']","{'params': {'tpmultiplicator': 4.5, 'slmultiplicator': 0.1, 'st_length': 10.0, 'st_multiplier': 3.5, 'ema_short_windows': 5.0, 'ema_long_windows': 100.0}}"
6,67.0877906435235,701,19.63,63.0,"['DEFAULT', 'params', 'CONFIGS', 'STRATEGIE', 'FICHIER.HISTORIQUE']","{'params': {'tpmultiplicator': 3.5, 'slmultiplicator': 0.1, 'st_length': 10.0, 'st_multiplier': 3.5, 'ema_short_windows': 5.0, 'ema_long_windows': 100.0}}"
12,63.159967084072136,1453,21.88,63.0,"['DEFAULT', 'params', 'CONFIGS', 'STRATEGIE', 'FICHIER.HISTORIQUE']","{'params': {'tpmultiplicator': 1.0, 'slmultiplicator': 0.4, 'st_length': 10.0, 'st_multiplier': 3.5, 'ema_short_windows': 5.0, 'ema_long_windows': 100.0}}"
79,63.0,0,,63.0,"['DEFAULT', 'params', 'CONFIGS', 'STRATEGIE', 'FICHIER.HISTORIQUE']","{'params': {'tpmultiplicator': 3.0, 'slmultiplicator': 0.6, 'st_length': 15.0, 'st_multiplier': 5.0, 'ema_short_windows': 5.0, 'ema_long_windows': 32000.0}}"
74,63.0,0,,63.0,"['DEFAULT', 'params', 'CONFIGS', 'STRATEGIE', 'FICHIER.HISTORIQUE']","{'params': {'tpmultiplicator': 2.0, 'slmultiplicator': 0.6, 'st_length': 16.0, 'st_multiplier': 5.5, 'ema_short_windows': 5.0, 'ema_long_windows': 16000.0}}"
75,63.0,0,,63.0,"['DEFAULT', 'params', 'CONFIGS', 'STRATEGIE', 'FICHIER.HISTORIQUE']","{'params': {'tpmultiplicator': 3.0, 'slmultiplicator': 0.6, 'st_length': 16.0, 'st_multiplier': 5.5, 'ema_short_windows': 5.0, 'ema_long_windows': 32000.0}}"
76,63.0,0,,63.0,"['DEFAULT', 'params', 'CONFIGS', 'STRATEGIE', 'FICHIER.HISTORIQUE']","{'params': {'tpmultiplicator': 1.0, 'slmultiplicator': 0.1, 'st_length': 17.0, 'st_multiplier': 5.5, 'ema_short_windows': 5.0, 'ema_long_windows': 8000.0}}"
77,63.0,0,,63.0,"['DEFAULT', 'params', 'CONFIGS', 'STRATEGIE', 'FICHIER.HISTORIQUE']","{'params': {'tpmultiplicator': 1.0, 'slmultiplicator': 0.6, 'st_length': 15.0, 'st_multiplier': 5.0, 'ema_short_windows': 5.0, 'ema_long_windows': 8000.0}}"
78,63.0,0,,63.0,"['DEFAULT', 'params', 'CONFIGS', 'STRATEGIE', 'FICHIER.HISTORIQUE']","{'params': {'tpmultiplicator': 2.0, 'slmultiplicator': 0.6, 'st_length': 15.0, 'st_multiplier': 5.0, 'ema_short_windows': 5.0, 'ema_long_windows': 16000.0}}"
66,63.0,0,,63.0,"['DEFAULT', 'params', 'CONFIGS', 'STRATEGIE', 'FICHIER.HISTORIQUE']","{'params': {'tpmultiplicator': 3.0, 'slmultiplicator': 0.5, 'st_length': 17.0, 'st_multiplier': 5.5, 'ema_short_windows': 5.0, 'ema_long_windows': 8000.0}}"
73,63.0,0,,63.0,"['DEFAULT', 'params', 'CONFIGS', 'STRATEGIE', 'FICHIER.HISTORIQUE']","{'params': {'tpmultiplicator': 1.0, 'slmultiplicator': 0.6, 'st_length': 16.0, 'st_multiplier': 5.5, 'ema_short_windows': 5.0, 'ema_long_windows': 8000.0}}"
80,63.0,0,,63.0,"['DEFAULT', 'params', 'CONFIGS', 'STRATEGIE', 'FICHIER.HISTORIQUE']","{'params': {'tpmultiplicator': 4.0, 'slmultiplicator': 0.6, 'st_length': 15.0, 'st_multiplier': 5.0, 'ema_short_windows': 5.0, 'ema_long_windows': 64000.0}}"
81,63.0,0,,63.0,"['DEFAULT', 'params', 'CONFIGS', 'STRATEGIE', 'FICHIER.HISTORIQUE']","{'params': {'tpmultiplicator': 5.0, 'slmultiplicator': 0.6, 'st_length': 15.0, 'st_multiplier': 5.0, 'ema_short_windows': 5.0, 'ema_long_windows': 128000.0}}"
65,63.0,0,,63.0,"['DEFAULT', 'params', 'CONFIGS', 'STRATEGIE', 'FICHIER.HISTORIQUE']","{'params': {'tpmultiplicator': 2.0, 'slmultiplicator': 0.5, 'st_length': 17.0, 'st_multiplier': 5.5, 'ema_short_windows': 5.0, 'ema_long_windows': 4000.0}}"
5,62.282595043599,781,22.84,63.0,"['DEFAULT', 'params', 'CONFIGS', 'STRATEGIE', 'FICHIER.HISTORIQUE']","{'params': {'tpmultiplicator': 3.0, 'slmultiplicator': 0.1, 'st_length': 10.0, 'st_multiplier': 3.5, 'ema_short_windows': 5.0, 'ema_long_windows': 100.0}}"
11,62.03806773915894,1462,23.59,63.0,"['DEFAULT', 'params', 'CONFIGS', 'STRATEGIE', 'FICHIER.HISTORIQUE']","{'params': {'tpmultiplicator': 1.0, 'slmultiplicator': 0.30000000000000004, 'st_length': 10.0, 'st_multiplier': 3.5, 'ema_short_windows': 5.0, 'ema_long_windows': 100.0}}"
13,62.03263544452725,1452,20.99,63.0,"['DEFAULT', 'params', 'CONFIGS', 'STRATEGIE', 'FICHIER.HISTORIQUE']","{'params': {'tpmultiplicator': 1.0, 'slmultiplicator': 0.5, 'st_length': 10.0, 'st_multiplier': 3.5, 'ema_short_windows': 5.0, 'ema_long_windows': 100.0}}"
16,61.79034983865262,1461,22.55,63.0,"['DEFAULT', 'params', 'CONFIGS', 'STRATEGIE', 'FICHIER.HISTORIQUE']","{'params': {'tpmultiplicator': 1.0, 'slmultiplicator': 0.7999999999999999, 'st_length': 10.0, 'st_multiplier': 3.5, 'ema_short_windows': 5.0, 'ema_long_windows': 100.0}}"
92,61.5280359349306,548,26.65,63.0,"['DEFAULT', 'params', 'CONFIGS', 'STRATEGIE', 'FICHIER.HISTORIQUE']","{'params': {'tpmultiplicator': 2.0, 'slmultiplicator': 1.0, 'st_length': 17.0, 'st_multiplier': 5.5, 'ema_short_windows': 5.0, 'ema_long_windows': 250.0}}"
91,60.83224017643816,548,23.98,63.0,"['DEFAULT', 'params', 'CONFIGS', 'STRATEGIE', 'FICHIER.HISTORIQUE']","{'params': {'tpmultiplicator': 2.0, 'slmultiplicator': 0.6, 'st_length': 17.0, 'st_multiplier': 5.5, 'ema_short_windows': 5.0, 'ema_long_windows': 250.0}}"
14,60.80228409294239,1451,22.46,63.0,"['DEFAULT', 'params', 'CONFIGS', 'STRATEGIE', 'FICHIER.HISTORIQUE']","{'params': {'tpmultiplicator': 1.0, 'slmultiplicator': 0.6, 'st_length': 10.0, 'st_multiplier': 3.5, 'ema_short_windows': 5.0, 'ema_long_windows': 100.0}}"
4,60.48299932634308,924,21.16,63.0,"['DEFAULT', 'params', 'CONFIGS', 'STRATEGIE', 'FICHIER.HISTORIQUE']","{'params': {'tpmultiplicator': 2.5, 'slmultiplicator': 0.1, 'st_length': 10.0, 'st_multiplier': 3.5, 'ema_short_windows': 5.0, 'ema_long_windows': 100.0}}"
15,59.89802763809731,1460,22.97,63.0,"['DEFAULT', 'params', 'CONFIGS', 'STRATEGIE', 'FICHIER.HISTORIQUE']","{'params': {'tpmultiplicator': 1.0, 'slmultiplicator': 0.7, 'st_length': 10.0, 'st_multiplier': 3.5, 'ema_short_windows': 5.0, 'ema_long_windows': 100.0}}"
18,58.960209484537096,1461,24.19,63.0,"['DEFAULT', 'params', 'CONFIGS', 'STRATEGIE', 'FICHIER.HISTORIQUE']","{'params': {'tpmultiplicator': 1.0, 'slmultiplicator': 0.9999999999999999, 'st_length': 10.0, 'st_multiplier': 3.5, 'ema_short_windows': 5.0, 'ema_long_windows': 100.0}}"
17,58.800538484559496,1461,23.37,63.0,"['DEFAULT', 'params', 'CONFIGS', 'STRATEGIE', 'FICHIER.HISTORIQUE']","{'params': {'tpmultiplicator': 1.0, 'slmultiplicator': 0.8999999999999999, 'st_length': 10.0, 'st_multiplier': 3.5, 'ema_short_windows': 5.0, 'ema_long_windows': 100.0}}"
46,58.39385575443812,1875,27.27,63.0,"['DEFAULT', 'params', 'CONFIGS', 'STRATEGIE', 'FICHIER.HISTORIQUE']","{'params': {'tpmultiplicator': 1.0, 'slmultiplicator': 0.1, 'st_length': 10.0, 'st_multiplier': 10.0, 'ema_short_windows': 5.0, 'ema_long_windows': 100.0}}"
89,57.772022561554984,974,28.08,63.0,"['DEFAULT', 'params', 'CONFIGS', 'STRATEGIE', 'FICHIER.HISTORIQUE']","{'params': {'tpmultiplicator': 1.0, 'slmultiplicator': 0.6, 'st_length': 17.0, 'st_multiplier': 5.5, 'ema_short_windows': 5.0, 'ema_long_windows': 250.0}}"
97,57.39526314558341,275,28.21,63.0,"['DEFAULT', 'params', 'CONFIGS', 'STRATEGIE', 'FICHIER.HISTORIQUE']","{'params': {'tpmultiplicator': 5.0, 'slmultiplicator': 0.6, 'st_length': 17.0, 'st_multiplier': 5.5, 'ema_short_windows': 5.0, 'ema_long_windows': 250.0}}"
3,57.09532690651178,1070,26.46,63.0,"['DEFAULT', 'params', 'CONFIGS', 'STRATEGIE', 'FICHIER.HISTORIQUE']","{'params': {'tpmultiplicator': 2.0, 'slmultiplicator': 0.1, 'st_length': 10.0, 'st_multiplier': 3.5, 'ema_short_windows': 5.0, 'ema_long_windows': 100.0}}"
90,56.76298567201459,976,30.57,63.0,"['DEFAULT', 'params', 'CONFIGS', 'STRATEGIE', 'FICHIER.HISTORIQUE']","{'params': {'tpmultiplicator': 1.0, 'slmultiplicator': 1.0, 'st_length': 17.0, 'st_multiplier': 5.5, 'ema_short_windows': 5.0, 'ema_long_windows': 250.0}}"
98,56.496211829108404,275,29.19,63.0,"['DEFAULT', 'params', 'CONFIGS', 'STRATEGIE', 'FICHIER.HISTORIQUE']","{'params': {'tpmultiplicator': 5.0, 'slmultiplicator': 1.0, 'st_length': 17.0, 'st_multiplier': 5.5, 'ema_short_windows': 5.0, 'ema_long_windows': 250.0}}"
7,55.99498066249697,672,21.75,63.0,"['DEFAULT', 'params', 'CONFIGS', 'STRATEGIE', 'FICHIER.HISTORIQUE']","{'params': {'tpmultiplicator': 4.0, 'slmultiplicator': 0.1, 'st_length': 10.0, 'st_multiplier': 3.5, 'ema_short_windows': 5.0, 'ema_long_windows': 100.0}}"
45,55.75086162240358,1863,29.65,63.0,"['DEFAULT', 'params', 'CONFIGS', 'STRATEGIE', 'FICHIER.HISTORIQUE']","{'params': {'tpmultiplicator': 1.0, 'slmultiplicator': 0.1, 'st_length': 10.0, 'st_multiplier': 9.5, 'ema_short_windows': 5.0, 'ema_long_windows': 100.0}}"
69,55.39582193749271,876,31.68,63.0,"['DEFAULT', 'params', 'CONFIGS', 'STRATEGIE', 'FICHIER.HISTORIQUE']","{'params': {'tpmultiplicator': 2.0, 'slmultiplicator': 0.1, 'st_length': 17.0, 'st_multiplier': 5.5, 'ema_short_windows': 5.0, 'ema_long_windows': 250.0}}"
95,55.166601078273054,322,32.4,63.0,"['DEFAULT', 'params', 'CONFIGS', 'STRATEGIE', 'FICHIER.HISTORIQUE']","{'params': {'tpmultiplicator': 4.0, 'slmultiplicator': 0.6, 'st_length': 17.0, 'st_multiplier': 5.5, 'ema_short_windows': 5.0, 'ema_long_windows': 250.0}}"
93,54.887796550577484,397,35.6,63.0,"['DEFAULT', 'params', 'CONFIGS', 'STRATEGIE', 'FICHIER.HISTORIQUE']","{'params': {'tpmultiplicator': 3.0, 'slmultiplicator': 0.6, 'st_length': 17.0, 'st_multiplier': 5.5, 'ema_short_windows': 5.0, 'ema_long_windows': 250.0}}"
35,53.58750071244923,1852,24.49,63.0,"['DEFAULT', 'params', 'CONFIGS', 'STRATEGIE', 'FICHIER.HISTORIQUE']","{'params': {'tpmultiplicator': 1.0, 'slmultiplicator': 0.1, 'st_length': 10.0, 'st_multiplier': 4.5, 'ema_short_windows': 5.0, 'ema_long_windows': 100.0}}"
9,53.399625226294894,576,24.07,63.0,"['DEFAULT', 'params', 'CONFIGS', 'STRATEGIE', 'FICHIER.HISTORIQUE']","{'params': {'tpmultiplicator': 5.0, 'slmultiplicator': 0.1, 'st_length': 10.0, 'st_multiplier': 3.5, 'ema_short_windows': 5.0, 'ema_long_windows': 100.0}}"
72,53.07491395915809,486,29.43,63.0,"['DEFAULT', 'params', 'CONFIGS', 'STRATEGIE', 'FICHIER.HISTORIQUE']","{'params': {'tpmultiplicator': 3.0, 'slmultiplicator': 0.1, 'st_length': 17.0, 'st_multiplier': 5.5, 'ema_short_windows': 5.0, 'ema_long_windows': 500.0}}"
96,52.077785052771134,324,37.45,63.0,"['DEFAULT', 'params', 'CONFIGS', 'STRATEGIE', 'FICHIER.HISTORIQUE']","{'params': {'tpmultiplicator': 4.0, 'slmultiplicator': 1.0, 'st_length': 17.0, 'st_multiplier': 5.5, 'ema_short_windows': 5.0, 'ema_long_windows': 250.0}}"
64,51.96276820662429,259,21.48,63.0,"['DEFAULT', 'params', 'CONFIGS', 'STRATEGIE', 'FICHIER.HISTORIQUE']","{'params': {'tpmultiplicator': 1.0, 'slmultiplicator': 0.5, 'st_length': 17.0, 'st_multiplier': 5.5, 'ema_short_windows': 5.0, 'ema_long_windows': 2000.0}}"
71,51.92928368354704,637,34.04,63.0,"['DEFAULT', 'params', 'CONFIGS', 'STRATEGIE', 'FICHIER.HISTORIQUE']","{'params': {'tpmultiplicator': 3.0, 'slmultiplicator': 0.1, 'st_length': 17.0, 'st_multiplier': 5.5, 'ema_short_windows': 5.0, 'ema_long_windows': 250.0}}"
34,50.88481310277901,1856,27.67,63.0,"['DEFAULT', 'params', 'CONFIGS', 'STRATEGIE', 'FICHIER.HISTORIQUE']","{'params': {'tpmultiplicator': 1.0, 'slmultiplicator': 0.1, 'st_length': 10.0, 'st_multiplier': 4.0, 'ema_short_windows': 5.0, 'ema_long_windows': 100.0}}"
31,50.881261872952095,1899,28.95,63.0,"['DEFAULT', 'params', 'CONFIGS', 'STRATEGIE', 'FICHIER.HISTORIQUE']","{'params': {'tpmultiplicator': 1.0, 'slmultiplicator': 0.1, 'st_length': 23.0, 'st_multiplier': 3.5, 'ema_short_windows': 5.0, 'ema_long_windows': 100.0}}"
44,50.48786084449316,1853,29.02,63.0,"['DEFAULT', 'params', 'CONFIGS', 'STRATEGIE', 'FICHIER.HISTORIQUE']","{'params': {'tpmultiplicator': 1.0, 'slmultiplicator': 0.1, 'st_length': 10.0, 'st_multiplier': 9.0, 'ema_short_windows': 5.0, 'ema_long_windows': 100.0}}"
2,50.46382183261124,1388,27.49,63.0,"['DEFAULT', 'params', 'CONFIGS', 'STRATEGIE', 'FICHIER.HISTORIQUE']","{'params': {'tpmultiplicator': 1.5, 'slmultiplicator': 0.1, 'st_length': 10.0, 'st_multiplier': 3.5, 'ema_short_windows': 5.0, 'ema_long_windows': 100.0}}"
70,50.32000687132257,718,28.6,63.0,"['DEFAULT', 'params', 'CONFIGS', 'STRATEGIE', 'FICHIER.HISTORIQUE']","{'params': {'tpmultiplicator': 2.0, 'slmultiplicator': 0.1, 'st_length': 17.0, 'st_multiplier': 5.5, 'ema_short_windows': 5.0, 'ema_long_windows': 500.0}}"
67,50.27645652996197,1661,41.25,63.0,"['DEFAULT', 'params', 'CONFIGS', 'STRATEGIE', 'FICHIER.HISTORIQUE']","{'params': {'tpmultiplicator': 1.0, 'slmultiplicator': 0.1, 'st_length': 17.0, 'st_multiplier': 5.5, 'ema_short_windows': 5.0, 'ema_long_windows': 250.0}}"
30,50.00060636890507,1903,30.21,63.0,"['DEFAULT', 'params', 'CONFIGS', 'STRATEGIE', 'FICHIER.HISTORIQUE']","{'params': {'tpmultiplicator': 1.0, 'slmultiplicator': 0.1, 'st_length': 22.0, 'st_multiplier': 3.5, 'ema_short_windows': 5.0, 'ema_long_windows': 100.0}}"
10,49.96578069861231,1502,30.63,63.0,"['DEFAULT', 'params', 'CONFIGS', 'STRATEGIE', 'FICHIER.HISTORIQUE']","{'params': {'tpmultiplicator': 1.0, 'slmultiplicator': 0.2, 'st_length': 10.0, 'st_multiplier': 3.5, 'ema_short_windows': 5.0, 'ema_long_windows': 100.0}}"
29,49.57047353249183,1904,31.17,63.0,"['DEFAULT', 'params', 'CONFIGS', 'STRATEGIE', 'FICHIER.HISTORIQUE']","{'params': {'tpmultiplicator': 1.0, 'slmultiplicator': 0.1, 'st_length': 21.0, 'st_multiplier': 3.5, 'ema_short_windows': 5.0, 'ema_long_windows': 100.0}}"
42,49.32173181730583,1833,34.78,63.0,"['DEFAULT', 'params', 'CONFIGS', 'STRATEGIE', 'FICHIER.HISTORIQUE']","{'params': {'tpmultiplicator': 1.0, 'slmultiplicator': 0.1, 'st_length': 10.0, 'st_multiplier': 8.0, 'ema_short_windows': 5.0, 'ema_long_windows': 100.0}}"
85,49.2395828446674,204,37.98,63.0,"['DEFAULT', 'params', 'CONFIGS', 'STRATEGIE', 'FICHIER.HISTORIQUE']","{'params': {'tpmultiplicator': 4.0, 'slmultiplicator': 8.6, 'st_length': 25.0, 'st_multiplier': 13.5, 'ema_short_windows': 13.0, 'ema_long_windows': 258.0}}"
32,49.121501150675854,1893,31.41,63.0,"['DEFAULT', 'params', 'CONFIGS', 'STRATEGIE', 'FICHIER.HISTORIQUE']","{'params': {'tpmultiplicator': 1.0, 'slmultiplicator': 0.1, 'st_length': 24.0, 'st_multiplier': 3.5, 'ema_short_windows': 5.0, 'ema_long_windows': 100.0}}"
87,48.742579350399566,627,39.99,63.0,"['DEFAULT', 'params', 'CONFIGS', 'STRATEGIE', 'FICHIER.HISTORIQUE']","{'params': {'tpmultiplicator': 1.0, 'slmultiplicator': 0.6, 'st_length': 27.0, 'st_multiplier': 15.5, 'ema_short_windows': 15.0, 'ema_long_windows': 260.0}}"
62,48.64119370178933,1581,31.71,63.0,"['DEFAULT', 'params', 'CONFIGS', 'STRATEGIE', 'FICHIER.HISTORIQUE']","{'params': {'tpmultiplicator': 1.0, 'slmultiplicator': 0.1, 'st_length': 10.0, 'st_multiplier': 3.5, 'ema_short_windows': 5.0, 'ema_long_windows': 450.0}}"
86,48.61471254210704,189,39.66,63.0,"['DEFAULT', 'params', 'CONFIGS', 'STRATEGIE', 'FICHIER.HISTORIQUE']","{'params': {'tpmultiplicator': 5.0, 'slmultiplicator': 9.6, 'st_length': 26.0, 'st_multiplier': 14.5, 'ema_short_windows': 14.0, 'ema_long_windows': 259.0}}"
27,48.55981941835107,1908,32.61,63.0,"['DEFAULT', 'params', 'CONFIGS', 'STRATEGIE', 'FICHIER.HISTORIQUE']","{'params': {'tpmultiplicator': 1.0, 'slmultiplicator': 0.1, 'st_length': 19.0, 'st_multiplier': 3.5, 'ema_short_windows': 5.0, 'ema_long_windows': 100.0}}"
26,48.378661006769086,1907,32.86,63.0,"['DEFAULT', 'params', 'CONFIGS', 'STRATEGIE', 'FICHIER.HISTORIQUE']","{'params': {'tpmultiplicator': 1.0, 'slmultiplicator': 0.1, 'st_length': 18.0, 'st_multiplier': 3.5, 'ema_short_windows': 5.0, 'ema_long_windows': 100.0}}"
43,47.958701763772574,1827,34.08,63.0,"['DEFAULT', 'params', 'CONFIGS', 'STRATEGIE', 'FICHIER.HISTORIQUE']","{'params': {'tpmultiplicator': 1.0, 'slmultiplicator': 0.1, 'st_length': 10.0, 'st_multiplier': 8.5, 'ema_short_windows': 5.0, 'ema_long_windows': 100.0}}"
94,47.8690884705795,394,41.37,63.0,"['DEFAULT', 'params', 'CONFIGS', 'STRATEGIE', 'FICHIER.HISTORIQUE']","{'params': {'tpmultiplicator': 3.0, 'slmultiplicator': 1.0, 'st_length': 17.0, 'st_multiplier': 5.5, 'ema_short_windows': 5.0, 'ema_long_windows': 250.0}}"
28,47.82598668661596,1903,33.63,63.0,"['DEFAULT', 'params', 'CONFIGS', 'STRATEGIE', 'FICHIER.HISTORIQUE']","{'params': {'tpmultiplicator': 1.0, 'slmultiplicator': 0.1, 'st_length': 20.0, 'st_multiplier': 3.5, 'ema_short_windows': 5.0, 'ema_long_windows': 100.0}}"
68,47.7749795357393,1325,28.44,63.0,"['DEFAULT', 'params', 'CONFIGS', 'STRATEGIE', 'FICHIER.HISTORIQUE']","{'params': {'tpmultiplicator': 1.0, 'slmultiplicator': 0.1, 'st_length': 17.0, 'st_multiplier': 5.5, 'ema_short_windows': 5.0, 'ema_long_windows': 500.0}}"
84,47.39661662005325,259,44.53,63.0,"['DEFAULT', 'params', 'CONFIGS', 'STRATEGIE', 'FICHIER.HISTORIQUE']","{'params': {'tpmultiplicator': 3.0, 'slmultiplicator': 7.6, 'st_length': 24.0, 'st_multiplier': 12.5, 'ema_short_windows': 12.0, 'ema_long_windows': 257.0}}"
61,47.10223644272553,1615,31.91,63.0,"['DEFAULT', 'params', 'CONFIGS', 'STRATEGIE', 'FICHIER.HISTORIQUE']","{'params': {'tpmultiplicator': 1.0, 'slmultiplicator': 0.1, 'st_length': 10.0, 'st_multiplier': 3.5, 'ema_short_windows': 5.0, 'ema_long_windows': 400.0}}"
36,46.89356450567703,1824,31.14,63.0,"['DEFAULT', 'params', 'CONFIGS', 'STRATEGIE', 'FICHIER.HISTORIQUE']","{'params': {'tpmultiplicator': 1.0, 'slmultiplicator': 0.1, 'st_length': 10.0, 'st_multiplier': 5.0, 'ema_short_windows': 5.0, 'ema_long_windows': 100.0}}"
55,46.36964713609131,1555,37.44,63.0,"['DEFAULT', 'params', 'CONFIGS', 'STRATEGIE', 'FICHIER.HISTORIQUE']","{'params': {'tpmultiplicator': 1.0, 'slmultiplicator': 0.1, 'st_length': 10.0, 'st_multiplier': 3.5, 'ema_short_windows': 50.0, 'ema_long_windows': 100.0}}"
33,45.7497922418075,1894,35.5,63.0,"['DEFAULT', 'params', 'CONFIGS', 'STRATEGIE', 'FICHIER.HISTORIQUE']","{'params': {'tpmultiplicator': 1.0, 'slmultiplicator': 0.1, 'st_length': 25.0, 'st_multiplier': 3.5, 'ema_short_windows': 5.0, 'ema_long_windows': 100.0}}"
58,44.84292850919291,1782,40.54,63.0,"['DEFAULT', 'params', 'CONFIGS', 'STRATEGIE', 'FICHIER.HISTORIQUE']","{'params': {'tpmultiplicator': 1.0, 'slmultiplicator': 0.1, 'st_length': 10.0, 'st_multiplier': 3.5, 'ema_short_windows': 5.0, 'ema_long_windows': 250.0}}"
1,44.66022479463349,1901,35.96,63.0,"['DEFAULT', 'params', 'CONFIGS', 'STRATEGIE', 'FICHIER.HISTORIQUE']","{'params': {'tpmultiplicator': 1.0, 'slmultiplicator': 0.1, 'st_length': 10.0, 'st_multiplier': 3.5, 'ema_short_windows': 5.0, 'ema_long_windows': 100.0}}"
22,44.35133163485184,1914,36.75,63.0,"['DEFAULT', 'params', 'CONFIGS', 'STRATEGIE', 'FICHIER.HISTORIQUE']","{'params': {'tpmultiplicator': 1.0, 'slmultiplicator': 0.1, 'st_length': 14.0, 'st_multiplier': 3.5, 'ema_short_windows': 5.0, 'ema_long_windows': 100.0}}"
63,44.037175513568286,1493,30.99,63.0,"['DEFAULT', 'params', 'CONFIGS', 'STRATEGIE', 'FICHIER.HISTORIQUE']","{'params': {'tpmultiplicator': 1.0, 'slmultiplicator': 0.1, 'st_length': 10.0, 'st_multiplier': 3.5, 'ema_short_windows': 5.0, 'ema_long_windows': 500.0}}"
24,43.73010459284947,1918,37.64,63.0,"['DEFAULT', 'params', 'CONFIGS', 'STRATEGIE', 'FICHIER.HISTORIQUE']","{'params': {'tpmultiplicator': 1.0, 'slmultiplicator': 0.1, 'st_length': 16.0, 'st_multiplier': 3.5, 'ema_short_windows': 5.0, 'ema_long_windows': 100.0}}"
37,43.65656124082231,1815,37.61,63.0,"['DEFAULT', 'params', 'CONFIGS', 'STRATEGIE', 'FICHIER.HISTORIQUE']","{'params': {'tpmultiplicator': 1.0, 'slmultiplicator': 0.1, 'st_length': 10.0, 'st_multiplier': 5.5, 'ema_short_windows': 5.0, 'ema_long_windows': 100.0}}"
41,43.50842856848407,1815,39.36,63.0,"['DEFAULT', 'params', 'CONFIGS', 'STRATEGIE', 'FICHIER.HISTORIQUE']","{'params': {'tpmultiplicator': 1.0, 'slmultiplicator': 0.1, 'st_length': 10.0, 'st_multiplier': 7.5, 'ema_short_windows': 5.0, 'ema_long_windows': 100.0}}"
23,43.50466029407944,1900,37.96,63.0,"['DEFAULT', 'params', 'CONFIGS', 'STRATEGIE', 'FICHIER.HISTORIQUE']","{'params': {'tpmultiplicator': 1.0, 'slmultiplicator': 0.1, 'st_length': 15.0, 'st_multiplier': 3.5, 'ema_short_windows': 5.0, 'ema_long_windows': 100.0}}"
20,43.33766452483223,1903,37.16,63.0,"['DEFAULT', 'params', 'CONFIGS', 'STRATEGIE', 'FICHIER.HISTORIQUE']","{'params': {'tpmultiplicator': 1.0, 'slmultiplicator': 0.1, 'st_length': 12.0, 'st_multiplier': 3.5, 'ema_short_windows': 5.0, 'ema_long_windows': 100.0}}"
82,43.02033106495819,690,47.75,63.0,"['DEFAULT', 'params', 'CONFIGS', 'STRATEGIE', 'FICHIER.HISTORIQUE']","{'params': {'tpmultiplicator': 1.0, 'slmultiplicator': 5.6, 'st_length': 22.0, 'st_multiplier': 10.5, 'ema_short_windows': 10.0, 'ema_long_windows': 255.0}}"
19,43.01154490993207,1905,37.64,63.0,"['DEFAULT', 'params', 'CONFIGS', 'STRATEGIE', 'FICHIER.HISTORIQUE']","{'params': {'tpmultiplicator': 1.0, 'slmultiplicator': 0.1, 'st_length': 11.0, 'st_multiplier': 3.5, 'ema_short_windows': 5.0, 'ema_long_windows': 100.0}}"
40,42.95667806470211,1821,40.86,63.0,"['DEFAULT', 'params', 'CONFIGS', 'STRATEGIE', 'FICHIER.HISTORIQUE']","{'params': {'tpmultiplicator': 1.0, 'slmultiplicator': 0.1, 'st_length': 10.0, 'st_multiplier': 7.0, 'ema_short_windows': 5.0, 'ema_long_windows': 100.0}}"
39,42.94264531863875,1845,40.65,63.0,"['DEFAULT', 'params', 'CONFIGS', 'STRATEGIE', 'FICHIER.HISTORIQUE']","{'params': {'tpmultiplicator': 1.0, 'slmultiplicator': 0.1, 'st_length': 10.0, 'st_multiplier': 6.5, 'ema_short_windows': 5.0, 'ema_long_windows': 100.0}}"
57,42.73337212462199,1809,44.57,63.0,"['DEFAULT', 'params', 'CONFIGS', 'STRATEGIE', 'FICHIER.HISTORIQUE']","{'params': {'tpmultiplicator': 1.0, 'slmultiplicator': 0.1, 'st_length': 10.0, 'st_multiplier': 3.5, 'ema_short_windows': 5.0, 'ema_long_windows': 200.0}}"
83,42.55271457694747,365,47.07,63.0,"['DEFAULT', 'params', 'CONFIGS', 'STRATEGIE', 'FICHIER.HISTORIQUE']","{'params': {'tpmultiplicator': 2.0, 'slmultiplicator': 6.6, 'st_length': 23.0, 'st_multiplier': 11.5, 'ema_short_windows': 11.0, 'ema_long_windows': 256.0}}"
21,42.47933993536832,1906,38.13,63.0,"['DEFAULT', 'params', 'CONFIGS', 'STRATEGIE', 'FICHIER.HISTORIQUE']","{'params': {'tpmultiplicator': 1.0, 'slmultiplicator': 0.1, 'st_length': 13.0, 'st_multiplier': 3.5, 'ema_short_windows': 5.0, 'ema_long_windows': 100.0}}"
54,42.220928140728425,1575,43.03,63.0,"['DEFAULT', 'params', 'CONFIGS', 'STRATEGIE', 'FICHIER.HISTORIQUE']","{'params': {'tpmultiplicator': 1.0, 'slmultiplicator': 0.1, 'st_length': 10.0, 'st_multiplier': 3.5, 'ema_short_windows': 45.0, 'ema_long_windows': 100.0}}"
25,42.21686996835296,1917,39.8,63.0,"['DEFAULT', 'params', 'CONFIGS', 'STRATEGIE', 'FICHIER.HISTORIQUE']","{'params': {'tpmultiplicator': 1.0, 'slmultiplicator': 0.1, 'st_length': 17.0, 'st_multiplier': 3.5, 'ema_short_windows': 5.0, 'ema_long_windows': 100.0}}"
56,41.99629741520872,1848,41.15,63.0,"['DEFAULT', 'params', 'CONFIGS', 'STRATEGIE', 'FICHIER.HISTORIQUE']","{'params': {'tpmultiplicator': 1.0, 'slmultiplicator': 0.1, 'st_length': 10.0, 'st_multiplier': 3.5, 'ema_short_windows': 5.0, 'ema_long_windows': 150.0}}"
88,41.40623795580205,587,49.53,63.0,"['DEFAULT', 'params', 'CONFIGS', 'STRATEGIE', 'FICHIER.HISTORIQUE']","{'params': {'tpmultiplicator': 1.0, 'slmultiplicator': 1.0, 'st_length': 28.0, 'st_multiplier': 16.5, 'ema_short_windows': 16.0, 'ema_long_windows': 261.0}}"
60,41.23317879653124,1632,37.39,63.0,"['DEFAULT', 'params', 'CONFIGS', 'STRATEGIE', 'FICHIER.HISTORIQUE']","{'params': {'tpmultiplicator': 1.0, 'slmultiplicator': 0.1, 'st_length': 10.0, 'st_multiplier': 3.5, 'ema_short_windows': 5.0, 'ema_long_windows': 350.0}}"
38,41.18725746259199,1831,41.11,63.0,"['DEFAULT', 'params', 'CONFIGS', 'STRATEGIE', 'FICHIER.HISTORIQUE']","{'params': {'tpmultiplicator': 1.0, 'slmultiplicator': 0.1, 'st_length': 10.0, 'st_multiplier': 6.0, 'ema_short_windows': 5.0, 'ema_long_windows': 100.0}}"
53,40.80207548125473,1566,44.81,63.0,"['DEFAULT', 'params', 'CONFIGS', 'STRATEGIE', 'FICHIER.HISTORIQUE']","{'params': {'tpmultiplicator': 1.0, 'slmultiplicator': 0.1, 'st_length': 10.0, 'st_multiplier': 3.5, 'ema_short_windows': 40.0, 'ema_long_windows': 100.0}}"
49,37.12419886893516,1664,46.36,63.0,"['DEFAULT', 'params', 'CONFIGS', 'STRATEGIE', 'FICHIER.HISTORIQUE']","{'params': {'tpmultiplicator': 1.0, 'slmultiplicator': 0.1, 'st_length': 10.0, 'st_multiplier': 3.5, 'ema_short_windows': 20.0, 'ema_long_windows': 100.0}}"
48,36.92686569302937,1709,45.27,63.0,"['DEFAULT', 'params', 'CONFIGS', 'STRATEGIE', 'FICHIER.HISTORIQUE']","{'params': {'tpmultiplicator': 1.0, 'slmultiplicator': 0.1, 'st_length': 10.0, 'st_multiplier': 3.5, 'ema_short_windows': 15.0, 'ema_long_windows': 100.0}}"
52,35.303472109716154,1587,49.64,63.0,"['DEFAULT', 'params', 'CONFIGS', 'STRATEGIE', 'FICHIER.HISTORIQUE']","{'params': {'tpmultiplicator': 1.0, 'slmultiplicator': 0.1, 'st_length': 10.0, 'st_multiplier': 3.5, 'ema_short_windows': 35.0, 'ema_long_windows': 100.0}}"
51,34.78501035210997,1626,49.23,63.0,"['DEFAULT', 'params', 'CONFIGS', 'STRATEGIE', 'FICHIER.HISTORIQUE']","{'params': {'tpmultiplicator': 1.0, 'slmultiplicator': 0.1, 'st_length': 10.0, 'st_multiplier': 3.5, 'ema_short_windows': 30.0, 'ema_long_windows': 100.0}}"
50,34.68577465875182,1626,46.51,63.0,"['DEFAULT', 'params', 'CONFIGS', 'STRATEGIE', 'FICHIER.HISTORIQUE']","{'params': {'tpmultiplicator': 1.0, 'slmultiplicator': 0.1, 'st_length': 10.0, 'st_multiplier': 3.5, 'ema_short_windows': 25.0, 'ema_long_windows': 100.0}}"
59,34.37232599699878,1672,46.13,63.0,"['DEFAULT', 'params', 'CONFIGS', 'STRATEGIE', 'FICHIER.HISTORIQUE']","{'params': {'tpmultiplicator': 1.0, 'slmultiplicator': 0.1, 'st_length': 10.0, 'st_multiplier': 3.5, 'ema_short_windows': 5.0, 'ema_long_windows': 300.0}}"
47,32.7025224501718,1791,49.07,63.0,"['DEFAULT', 'params', 'CONFIGS', 'STRATEGIE', 'FICHIER.HISTORIQUE']","{'params': {'tpmultiplicator': 1.0, 'slmultiplicator': 0.1, 'st_length': 10.0, 'st_multiplier': 3.5, 'ema_short_windows': 10.0, 'ema_long_windows': 100.0}}"
0,0.0,0,0.0,1000.0,0,0
